Chromosome	Position	Allele0	Allele2
12	465087	G	T
12	474102	C	A
12	538041	T	C
12	540647	T	C
12	547050	G	A
12	630200	G	A
12	738781	T	C
12	1240358	T	G
12	1247197	C	T
12	1285379	G	A
12	1287605	T	A
12	1311748	T	C
12	1325897	C	T
12	1352008	G	A
12	1366397	G	A
12	1368119	A	T
12	1410902	T	G
12	1873141	G	A
12	1873682	T	C
12	1874092	A	G
12	2022804	T	C
12	2108893	G	T
12	2771876	G	T
12	2957542	A	G
12	2996512	C	A
12	3259648	C	T
12	3302067	A	G
12	3330909	T	A
12	3331985	G	A
12	3343361	T	C
12	3400465	T	G
12	3420270	T	C
12	3574027	T	C
12	3587153	G	A
12	3587749	A	G
12	3599268	T	G
12	3611784	G	A
12	3614044	A	G
12	3691131	G	T
12	3712997	C	T
12	3713624	A	G
12	3727148	G	A
12	3728840	A	G
12	3728917	G	T
12	3754979	C	T
12	3855528	C	T
12	4102492	C	T
12	4128494	A	G
12	4133652	G	T
12	4136684	C	T
12	4248117	T	C
12	4284472	A	G
12	4350283	G	A
12	4352488	G	A
12	4361259	C	T
12	4417375	T	C
12	4469985	G	A
12	4516790	C	T
12	4644800	G	A
12	4646412	G	A
12	4772467	A	G
12	4800996	C	T
12	4801283	G	A
12	5103642	A	G
12	5104973	T	A
12	5291712	C	A
12	5322615	C	T
12	5599356	A	C
12	5676621	G	T
12	5681134	G	C
12	5692123	G	T
12	5784322	G	A
12	5784627	A	G
12	6036414	C	G
12	6047893	G	A
12	6268951	G	T
12	6271086	T	C
12	6284029	C	G
12	6457798	C	T
12	6491002	A	G
12	6491179	G	T
12	6491861	C	T
12	6492179	C	T
12	6519324	A	G
12	6592351	A	G
12	6595072	G	T
12	6682202	G	T
12	6698768	A	G
12	6894356	A	C
12	7107695	G	T
12	7585509	A	G
12	7591660	G	T
12	7642462	G	A
12	7646391	G	A
12	7760656	G	T
12	7771217	G	A
12	7826695	C	T
12	7827224	G	A
12	7845133	G	T
12	7847768	G	C
12	7896934	C	T
12	7898448	G	C
12	7912977	C	A
12	7913186	G	A
12	8078667	C	G
12	8137023	C	G
12	8196374	G	A
12	8196500	C	T
12	8206562	A	G
12	8405245	G	T
12	8408604	G	A
12	8594281	G	A
12	8598361	G	C
12	8779753	A	G
12	8890865	A	G
12	8892601	G	A
12	8985547	G	A
12	8998391	G	T
12	9068506	A	T
12	9222978	C	T
12	9238331	A	G
12	9239128	C	T
12	9245978	T	A
12	9260419	A	G
12	9299132	C	T
12	9338210	C	G
12	9447208	C	T
12	9495768	A	G
12	10275686	G	A
12	10743201	G	A
12	10743411	G	C
12	10767844	G	A
12	10771302	C	T
12	10772320	A	T
12	10927601	C	T
12	11077454	A	T
12	11081318	A	G
12	11164548	C	T
12	11165424	T	A
12	11471242	C	T
12	11508525	C	A
12	11519091	G	A
12	11910935	C	T
12	11921674	A	T
12	11921781	T	A
12	11921823	G	A
12	12407042	G	A
12	12435775	T	C
12	12457664	C	T
12	12459237	G	T
12	12539797	C	T
12	12600661	T	A
12	12651973	C	T
12	12668934	G	A
12	12705407	G	A
12	12773209	T	C
12	13059339	C	T
12	13252381	G	C
12	13364651	C	T
12	13743033	C	T
12	13837354	A	G
12	14435497	G	C
12	14560812	G	A
12	14670224	C	G
12	14981597	G	A
12	14986358	T	C
12	14990976	G	T
12	15368224	C	T
12	15786024	T	G
12	15878312	G	A
12	15963415	A	T
12	15966970	G	A
12	16020206	C	T
12	16103815	G	A
12	16105174	A	G
12	16145744	A	G
12	16146564	G	A
12	16329036	T	C
12	16330141	G	A
12	16371536	C	T
12	16531667	T	C
12	16645545	G	A
12	16645822	G	A
12	16656656	C	T
12	16662162	G	C
12	16804343	G	A
12	16920245	T	C
12	17489412	A	G
12	17489918	G	A
12	17862868	C	T
12	18694876	C	G
12	18725476	G	A
12	18780595	G	A
12	18780679	G	T
12	19169372	A	C
12	19170795	G	A
12	19396639	G	A
12	19545938	C	T
12	19547083	G	T
12	19644032	T	C
12	19679972	T	A
12	20566952	T	A
12	21146680	T	C
12	21696193	C	A
12	21747728	T	A
12	21885429	A	T
12	22016751	G	A
12	22020557	G	A
12	22949349	T	C
12	23317243	T	C
12	23413978	C	T
12	24109953	C	T
12	24250876	G	C
12	24335918	G	A
12	25179294	G	C
12	25341918	C	T
12	25346287	A	G
12	25348676	T	C
12	25435753	G	A
12	25441230	T	C
12	25505679	C	T
12	26208206	T	C
12	26208572	A	G
12	26244091	G	A
12	26666092	C	T
12	26666797	G	T
12	26893407	C	T
12	27140512	C	T
12	27161709	C	T
12	27394291	C	T
12	28462781	G	A
12	29170975	G	A
12	29180522	C	T
12	29181019	G	A
12	29322755	G	T
12	29798667	G	C
12	29837763	C	T
12	30002524	C	T
12	30195628	T	C
12	30195698	T	C
12	30214872	G	A
12	30221741	T	A
12	30392055	C	T
12	30404293	G	T
12	30961166	T	G
12	31335055	G	A
12	31335321	A	C
12	31338806	G	A
12	31448533	C	A
12	32217663	C	T
12	32347368	C	T
12	32357252	G	A
12	32488214	G	A
12	32502708	A	G
12	35128284	G	A
12	35165414	T	C
12	35170600	T	C
12	35480496	C	A
12	36277474	A	T
12	36280159	G	C
12	36285941	C	A
12	36409577	G	C
12	36410498	C	G
12	36434334	A	T
12	36545776	C	T
12	36546355	C	T
12	36546593	G	A
12	36546874	C	T
12	36548782	G	A
12	36560809	G	A
12	36593251	C	T
12	37035237	G	C
12	37138936	G	A
12	38347263	C	T
12	39354203	C	A
12	39366771	T	C
12	39408121	C	T
12	39413461	G	A
12	39413701	A	T
12	39850625	G	A
12	39851560	A	T
12	39986057	C	T
12	40339657	G	A
12	40801711	A	G
12	40825084	T	C
12	41214825	C	A
12	41732454	C	T
12	42099809	G	A
12	42537124	T	C
12	43070722	T	G
12	43554019	G	T
12	44201321	G	C
12	44206825	G	T
12	44752716	A	T
12	45643383	G	A
12	45705044	C	T
12	45710682	C	T
12	45712195	A	G
12	46186048	C	T
12	46186561	G	A
12	46431273	T	C
12	47321127	T	G
12	47324240	A	T
12	47337873	G	C
12	47438521	C	T
12	47439210	C	G
12	47484913	C	T
12	48004775	G	A
12	48122015	G	A
12	48598818	C	T
12	48704882	G	A
12	48717530	G	C
12	49249534	C	T
12	49250089	A	G
12	49296130	C	T
12	49298688	C	T
12	49858034	G	A
12	50362708	T	C
12	50641295	C	A
12	50756353	C	T
12	50794068	A	T
12	50890432	C	A
12	50977607	C	T
12	51348767	T	C
12	53244517	T	A
12	54408397	C	A
12	54603071	T	A
12	55050290	G	A
12	55050880	G	A
12	55051693	C	T
12	55357547	C	T
12	55361002	G	A
12	55486084	C	T
12	55562637	T	G
12	55566286	A	G
12	55965364	C	T
12	56746666	G	A
12	56947601	G	A
12	57486849	G	A
12	58149214	T	C
12	60168598	G	A
12	61156023	G	A
12	61963697	G	A
12	62303780	C	G
12	62303803	A	G
12	62772295	C	T
12	63258348	C	T
12	63574282	C	T
12	63588064	C	G
12	64217152	C	T
12	64534128	C	T
12	64719553	G	A
12	64721131	G	A
12	64721616	A	C
12	65099294	C	T
12	65099370	G	A
12	65530430	T	C
12	65874916	G	A
12	65945815	G	A
12	65949636	G	A
12	66298482	C	T
12	66303184	G	T
12	66934657	A	G
12	66936482	C	T
12	67178898	C	T
12	67790113	C	T
12	68422014	C	A
12	68710673	C	T
12	68809470	G	A
12	69214847	C	T
12	69402122	T	C
12	69409852	A	G
12	69422740	C	T
12	69644094	G	A
12	69845588	G	A
12	70116725	A	C
12	70239848	G	A
12	70338870	T	C
12	70499482	C	T
12	70499784	C	G
12	72814490	C	T
12	73222105	T	A
12	73223854	C	G
12	73361277	G	A
12	74162026	A	G
12	74604223	T	C
12	74613593	G	A
12	77290341	G	A
12	78926105	T	C
12	79268035	G	A
12	80221619	C	G
12	80983456	T	A
12	81914946	C	T
12	81922190	C	G
12	81988181	G	A
12	82021858	G	A
12	82444330	G	A
12	82762002	C	A
12	82764163	C	T
12	82831132	G	A
12	83132939	C	T
12	83155790	C	T
12	83278138	T	A
12	83857100	A	G
12	83868488	G	A
12	84273816	T	G
12	84984032	T	C
12	85011147	G	A
12	85577273	C	T
12	85742600	C	T
12	85744878	G	A
12	87543512	C	T
12	87576913	A	G
12	87944937	G	A
12	88120057	T	A
12	88470487	A	G
12	89419185	C	A
12	89421334	C	T
12	90988377	C	T
12	92183278	C	T
12	92202227	T	A
12	92220360	G	A
12	93384556	T	C
12	93384571	G	A
12	93384868	A	C
12	93385109	G	A
12	93438201	A	G
12	93450941	G	A
12	93455251	G	C
12	93713684	T	C
12	93713889	G	A
12	93842081	C	T
12	94375736	C	G
12	94591778	T	C
12	94786008	G	A
12	95520390	T	A
12	95529939	C	T
12	95530069	C	T
12	95875323	G	A
12	97361934	C	T
12	97510156	G	A
12	97510272	C	T
12	97956178	G	C
12	97963279	C	T
12	98068406	C	T
12	98448547	C	T
12	98451062	C	T
12	98575496	C	T
12	98582176	C	G
12	98882510	C	T
12	98888266	T	C
12	99662771	A	G
12	99667243	C	T
12	100797557	C	T
12	101437002	G	A
12	101653383	T	G
12	101669199	C	T
12	102140399	G	A
12	102163518	G	A
12	107711971	G	A
12	107712478	G	A
12	108010807	C	T
12	108868105	G	A
12	109239158	C	T
12	109468863	A	G
12	109916629	G	C
12	109916812	A	G
12	109925579	C	A
12	110081221	A	T
12	110084487	T	C
12	111038862	A	T
12	111049636	G	T
12	111611621	T	C
12	111951286	G	A
12	112722950	C	T
12	113155726	A	G
12	113169087	C	T
12	115931983	C	T
12	116146249	T	A
12	116155519	G	A
12	116823588	C	A
12	117425152	A	G
12	117426755	C	T
12	119227708	C	T
12	120095303	C	T
12	121810435	C	T
12	122203511	G	A
12	122245545	C	T
12	122302978	C	A
12	123388557	C	A
12	136498907	G	A
12	138403015	T	C
12	143577144	C	A
12	144892675	G	A
12	158895734	C	A
12	190476692	G	A
12	196870723	T	C
12	196872154	C	A
12	202344713	G	A
12	207718737	C	T
12	209209189	G	C
12	211049586	C	T
12	225717788	G	T
12	231204290	T	A
12	240930506	G	T
12	240932960	C	T
12	248322026	C	T
12	260716564	T	C
12	274222278	A	T
12	277393722	G	A
12	284100664	A	G
12	289335481	G	A
12	294458685	G	A
12	297114531	A	G
12	299175647	G	A
12	300859377	G	A
12	301811857	C	T
12	301956406	A	C
12	303071970	G	A
12	303072092	C	T
12	303851850	C	T
12	306794517	T	A
12	307246213	T	C
12	308545782	G	A
12	308759406	G	A
12	309627085	A	C
12	310098673	G	A
12	313572724	T	C
12	313578147	C	A
12	314075421	A	T
12	314521863	G	A
12	314521995	G	A
12	316526202	T	C
12	318490502	G	A
12	320591545	A	T
12	320601885	C	T
12	322228801	G	T
12	322653905	C	T
12	322677503	A	T
12	323561196	T	C
12	324217667	A	G
12	324219990	G	A
12	325546566	C	G
12	325546688	C	T
12	325547943	C	T
12	325891260	G	A
12	326375488	C	T
12	327431603	T	C
12	328185581	G	A
12	329298745	C	G
12	333071097	G	C
12	333616021	C	A
12	334161457	T	A
12	334958211	G	A
12	335772865	C	G
12	335782110	C	A
12	336116977	T	C
12	336539241	A	C
12	336836554	A	C
12	336837811	A	C
12	337266293	T	C
12	337522096	C	T
12	337523500	A	G
12	338367268	G	A
12	339057224	C	T
12	339076637	T	C
12	340981970	C	T
12	341033407	C	T
12	341034106	G	A
12	341040117	G	A
12	343420195	A	G
12	344117493	C	A
12	344126279	G	A
12	345353768	G	A
12	346134117	C	T
12	346454097	C	T
12	347479068	G	A
12	348042445	T	A
12	348052855	T	C
12	348300817	T	C
12	348302161	G	A
12	348305543	A	T
12	349017266	C	T
12	350251587	A	G
12	350559447	C	T
12	351667575	T	A
12	351735641	C	T
12	351737472	G	A
12	351753225	G	A
12	352124108	G	T
12	353420963	G	A
12	354049318	A	G
12	354135286	C	T
12	354137675	G	A
12	354881191	T	C
12	354882233	C	T
12	355815416	A	G
12	359120083	A	C
12	359418080	G	A
12	359421586	T	C
12	360451630	G	A
12	360498098	A	G
12	360499016	G	C
12	360603349	C	T
12	360915499	T	A
12	361364763	C	T
12	362445546	G	A
12	363660074	G	A
12	363663635	T	A
12	363928497	C	G
12	364036197	A	G
12	364810382	A	G
12	365400075	T	G
12	365400742	T	A
12	365840300	C	T
12	366043902	A	T
12	366276019	C	T
12	366328135	A	T
12	366334781	G	A
12	367754389	C	T
12	368477533	C	G
12	369666896	G	A
12	370631417	C	T
12	371788780	C	T
12	372187759	C	G
12	372188719	G	T
12	372531607	A	T
12	373583881	C	G
12	373935737	G	A
12	374039889	C	T
12	374119515	C	T
12	374335435	G	C
12	374615037	C	T
12	374832658	G	A
12	375067339	G	A
12	375378860	T	C
12	375382023	G	A
12	375742639	C	T
12	377830360	C	T
12	377843121	G	A
12	378504128	C	G
12	378752879	A	G
12	378762172	A	G
12	380246417	G	A
12	380257399	G	T
12	380447673	C	T
12	380448915	T	C
12	380531009	A	G
12	380795987	G	A
12	381552994	C	T
12	381877283	A	G
12	381899138	T	C
12	383771486	C	T
12	384668707	T	A
12	385984895	C	T
12	386435720	G	T
12	386439185	C	T
12	386439949	G	A
12	386548171	C	T
12	387756073	G	C
12	388251997	C	T
12	388757500	A	G
12	388819457	G	A
12	388932779	A	T
12	389480781	G	A
12	390607050	A	T
12	390854560	A	G
12	390906083	A	T
12	390912663	G	A
12	390914711	G	A
12	391472822	G	A
12	391490057	G	A
12	391719607	T	G
12	392538815	G	A
12	392723051	G	A
12	392749886	G	A
12	393715392	C	T
12	393846315	G	A
12	394147131	G	A
12	394380850	C	T
12	394384660	T	A
12	394858211	A	T
12	394957153	A	G
12	394958082	G	A
12	395371107	A	G
12	395385245	C	T
12	395947271	C	T
12	396402010	G	A
12	396934142	G	A
12	397157875	A	G
12	397159905	T	A
12	397668201	C	G
12	398865787	C	T
12	398865899	A	C
12	398865943	A	G
12	398867654	G	A
12	398902212	G	A
12	399191353	G	A
12	399191973	G	A
12	399722106	G	A
12	400126299	C	A
12	400204857	C	T
12	400650992	T	A
12	400651326	C	T
12	400654088	A	T
12	400927514	G	C
12	400928346	T	G
12	401082726	G	A
12	401096077	G	T
12	401203028	G	A
12	401203870	T	C
12	402231560	C	T
12	402541174	A	T
12	402559331	T	C
12	403144800	C	T
12	403146852	A	G
12	403197735	C	A
12	403362397	T	C
12	403415031	G	A
12	403571898	G	A
12	403572291	G	A
12	403573033	A	G
12	405056496	G	A
12	405064944	G	A
12	405065747	C	T
12	405463024	A	G
12	405762921	C	T
12	405774789	C	G
12	406199620	G	A
12	407121263	G	A
12	409439993	T	A
12	409478633	T	C
12	410403498	G	C
12	414337270	C	G
12	414617422	G	A
12	414617442	C	T
12	414637710	G	A
12	415303174	A	G
12	415910444	G	A
12	416862276	G	A
12	416867328	C	A
12	417387701	C	T
12	417675438	C	T
12	417814397	T	C
12	418587481	T	C
12	418746199	G	A
12	418746612	G	T
12	418851287	G	A
12	419137042	G	A
12	419206895	T	A
12	419305600	G	A
12	419307216	T	A
12	419345967	A	G
12	419346253	G	A
12	419419844	A	G
12	419424262	A	G
12	419437609	G	A
12	419459160	G	A
12	419488166	G	A
12	419493015	G	A
12	421219510	C	T
12	421330651	A	G
12	421330793	C	T
12	421339785	G	A
12	421532455	C	T
12	422250881	G	A
12	422535041	G	A
12	422546517	C	T
12	422553196	C	T
12	422941210	G	A
12	423389101	C	T
12	423427015	C	T
12	423945744	G	A
12	424109437	G	A
12	424110400	T	C
12	424111880	G	T
12	424470947	A	T
12	424472306	G	A
12	424607942	T	C
12	424610022	G	C
12	425702893	C	T
12	425972863	T	C
12	426266961	T	C
12	426619122	C	T
12	426619713	G	A
12	427466414	G	A
12	427929010	C	A
12	427932390	A	T
12	427933619	G	A
12	428118651	C	T
12	428388870	G	A
12	428397435	G	A
12	428527565	A	G
12	428586889	T	C
12	428967910	G	T
12	428972436	C	T
12	428973968	A	T
12	429464697	A	G
12	429480646	C	A
12	430796578	T	C
12	430880448	G	A
12	431231295	C	T
12	431620414	G	A
12	432746110	T	C
12	432749228	C	A
12	433218719	G	A
12	433387824	G	A
12	433699641	A	G
12	433803518	G	C
12	433818125	G	A
12	433818427	G	A
12	433820566	C	T
12	434264909	G	A
12	434317046	T	G
12	434535835	T	C
12	434542082	A	G
12	434543078	T	C
12	435057798	G	T
12	435060242	G	C
12	435968338	C	G
12	436959318	C	A
12	437034234	T	A
12	437513908	G	A
12	437809997	G	A
12	439126151	C	T
12	439656534	C	G
12	439681138	G	A
12	439692918	C	G
12	439698523	A	G
12	439774572	G	C
12	439779453	C	A
12	439847010	T	C
12	440038354	C	T
12	441055942	G	A
12	441075594	A	T
12	441078487	C	T
12	441116984	C	T
12	441131719	G	C
12	441131855	C	T
12	441254635	G	A
12	441653808	T	A
12	442396597	G	A
12	442444348	C	T
12	442445343	G	A
12	442734032	G	A
12	442752596	C	T
12	442755099	G	A
12	443204617	C	T
12	443515028	T	G
12	443515260	C	T
12	443742737	G	C
12	444518821	C	A
12	444520417	C	T
12	444521781	G	A
12	444533276	G	A
12	445487057	G	A
12	445711922	A	G
12	447290269	G	T
12	449395798	C	T
12	449396701	C	T
12	449977793	C	T
12	449986256	G	A
12	450223431	C	A
12	450896467	G	A
12	451037843	T	C
12	451281153	C	T
12	451289031	T	C
12	451680195	G	A
12	451681481	G	A
12	451802743	T	A
12	451803182	T	C
12	452799313	G	T
12	452799850	A	T
12	453042595	T	A
12	453307345	T	C
12	453310085	C	T
12	453310119	G	A
12	454438992	C	T
12	454441550	G	A
12	455326933	C	G
12	455341763	A	G
12	455347664	G	C
12	455347755	C	T
12	455483481	T	C
12	455487066	C	G
12	455490255	G	A
12	455490755	T	C
12	455599366	G	A
12	455600286	G	T
12	455601221	G	A
12	455616666	A	G
12	455622359	G	C
12	455622642	T	C
12	455693886	C	T
12	455694465	C	A
12	455694893	T	C
12	455756223	G	A
12	455758170	T	A
12	455758630	C	G
12	455765672	G	A
12	455891327	G	A
12	455899849	G	A
12	456045170	G	A
12	456045766	A	G
12	456051801	G	T
12	456052210	C	T
12	456052976	C	T
12	456056458	C	T
12	456091606	C	T
12	456122332	A	G
12	456255859	G	A
12	456490167	C	T
12	456498803	G	A
12	456506230	C	T
12	456508643	C	T
12	458093292	C	T
12	458991802	C	G
12	459066672	C	A
12	459076745	G	A
12	459081718	G	A
12	459190858	C	A
12	459193256	G	A
12	459302334	G	A
12	459315081	G	A
12	459315955	A	T
12	459319540	T	A
12	459394931	C	T
12	459398683	G	T
12	459407167	C	T
12	459412863	A	G
12	459686920	G	A
12	460470286	G	A
12	461275005	T	G
12	461814382	G	A
12	461815604	G	A
12	461818271	G	A
12	461818582	G	A
12	462501923	C	T
12	462792323	T	C
12	463463363	A	G
12	464205018	C	T
12	464205492	C	T
12	464393869	T	C
12	464537706	C	T
12	465012189	C	T
12	465117344	A	T
12	465121754	C	T
12	465560767	C	T
12	465760032	T	A
12	465909442	G	A
12	465909901	G	A
12	466021099	G	A
12	466130829	T	C
12	466336650	G	C
12	467442629	C	T
12	467442983	G	A
12	467586156	T	C
12	468268475	C	T
12	468294495	G	A
12	468362642	A	G
12	468595158	C	T
12	468599485	C	A
12	469144564	G	C
12	469162644	T	C
12	469164054	A	C
12	469568947	G	T
12	469602204	G	T
12	469872305	A	T
12	470111391	C	T
12	470121709	C	T
12	470184431	C	T
12	470195886	T	C
12	470228122	G	A
12	470856861	G	T
12	472171484	C	T
12	472211198	C	T
12	472929414	A	T
12	472930543	G	A
12	473133033	T	C
12	473138994	C	T
12	473773031	G	A
12	473971831	G	A
12	474433668	C	T
12	474575647	C	T
12	474599311	T	C
12	474603873	A	G
12	474700323	C	A
12	474702909	T	A
12	474857153	A	G
12	474859797	G	C
12	474918234	C	T
12	475115550	G	A
12	476203250	G	C
12	476210753	A	G
12	476875672	G	A
12	477097227	C	A
12	477365453	C	T
12	477509577	T	G
12	477539347	C	T
12	477540196	G	A
12	477543768	G	A
12	477585446	G	A
12	477884368	G	A
12	477910921	C	T
12	477911931	A	C
12	477917115	C	T
12	478025254	A	G
12	478034810	G	A
12	478035635	C	T
12	478040217	G	A
12	478253174	T	C
12	478263858	C	T
12	478514795	G	A
12	478516927	G	A
12	479041926	G	T
12	479347219	A	G
12	479348166	G	A
12	479361493	A	T
12	479362419	C	T
12	479530804	C	G
12	479950186	G	A
12	479966739	G	T
12	480816910	C	T
12	480826067	T	G
12	480891908	G	A
12	480921378	C	T
12	480921668	G	A
12	481034676	C	T
12	481035833	C	A
12	481041555	G	A
12	481172624	C	G
12	481449427	C	T
12	481449880	G	A
12	481450256	G	A
12	482371123	G	A
12	482371334	G	A
12	482669797	G	A
12	482688120	T	C
12	482689294	T	A
12	482705858	T	C
12	482764833	G	T
12	482941501	C	T
12	482941535	C	T
12	482964599	G	A
12	483063674	A	G
12	483066161	C	T
12	483135925	C	T
12	483367642	G	T
12	483454115	C	T
12	483454498	C	T
12	483584664	C	T
12	483585312	A	T
12	483587951	G	A
12	483684699	T	A
12	483951699	C	T
12	483979445	C	T
12	484045632	C	G
12	484399942	T	C
12	484406822	T	C
12	484494623	G	A
12	484683909	C	T
12	484686812	T	G
12	484690554	G	C
12	484721745	G	T
12	484728076	T	C
12	484736306	T	C
12	484741709	G	A
12	484769759	C	T
12	484776546	T	C
12	484778745	T	C
12	484840230	G	A
12	484927365	T	C
12	484933801	G	T
12	485382815	A	T
12	485386096	G	A
12	485389802	G	A
12	485392918	C	T
12	485393550	G	A
12	485394656	G	A
12	485616305	C	T
12	485619292	A	G
12	485621252	T	A
12	485796454	G	A
12	486433944	G	A
12	486643263	A	G
12	486918922	T	C
12	486919410	A	T
12	486919854	G	A
12	486941307	C	T
12	487122038	C	T
12	487230873	G	A
12	487657261	C	T
12	487874780	G	A
12	487876252	G	T
12	488494292	C	T
12	488606645	T	G
12	488667401	C	T
12	488818205	C	A
12	488849375	C	T
12	489008224	C	T
12	489009410	G	A
12	489010304	C	T
12	489175727	T	C
12	489628221	A	C
12	489740078	C	T
12	490090251	T	A
12	490090252	A	T
12	490126351	G	A
12	490406819	A	T
12	491345118	C	T
12	491504617	A	G
12	491507624	G	A
12	491705967	T	C
12	491706191	G	A
12	491954710	G	A
12	491966047	C	T
12	493329585	C	G
12	493331573	C	T
12	493331677	C	G
12	493743646	G	A
12	493748780	C	T
12	493751315	T	G
12	493755592	C	T
12	493756137	G	A
12	493905722	T	G
12	493924101	G	A
12	493978963	G	A
12	494050193	C	T
12	494051735	A	G
12	494095229	C	G
12	494267488	C	T
12	494291251	G	A
12	494515674	T	C
12	494809023	G	A
12	494876456	G	A
12	494876864	A	G
12	495073306	C	T
12	495127604	C	T
12	495128596	C	G
12	495519030	A	T
12	495521439	C	A
12	496006722	G	A
12	496650415	C	T
12	496652209	A	T
12	496653728	G	A
12	496655002	C	T
12	497040694	A	G
12	497155031	C	A
12	497156532	C	T
12	497167009	G	C
12	497168802	C	T
12	497201404	T	A
12	497241003	A	G
12	497241309	G	T
12	497243100	T	A
12	497628962	C	T
12	497641198	G	T
12	497695662	C	T
12	497916707	C	T
12	497940435	G	A
12	497942523	T	A
12	498046245	T	A
12	498063171	C	T
12	498718466	T	G
12	498767872	C	A
12	498768412	G	A
12	498893037	C	T
12	498956474	C	T
12	499301479	G	A
12	499303241	C	T
12	499312125	G	A
12	499396591	A	G
12	499463802	C	T
12	499477286	G	A
12	499497087	G	T
12	499499410	A	G
12	499618923	T	C
12	499692650	C	T
12	499730702	C	T
12	499731041	C	T
12	499778984	C	A
12	500010821	C	A
12	500017116	G	A
12	500149980	G	A
12	500307933	G	A
12	500338985	G	A
12	500389962	G	A
12	500393132	C	T
12	500497023	C	T
12	500821668	A	C
12	500829742	G	A
12	500830592	C	A
12	500852380	C	T
12	500852467	G	A
12	500852626	G	A
12	501171514	T	G
12	501174799	T	C
12	501175058	A	G
12	501327453	G	A
12	501507530	T	C
12	502011467	A	T
12	502014107	C	T
12	502021465	C	G
12	502033461	C	T
12	502040942	C	T
12	502041900	G	A
12	502072833	T	C
12	502379134	C	T
12	502396249	G	C
12	502416119	T	C
12	502418810	T	C
12	502420819	C	G
12	502421239	C	T
12	502547611	G	A
12	502561552	G	C
12	502750720	T	C
12	503259851	T	G
12	503264617	C	G
12	503359871	T	A
12	503359872	A	T
12	503360307	A	T
12	503506284	T	G
12	503561810	A	G
12	503598428	G	A
12	503624561	C	A
12	503670372	A	G
12	503740283	G	A
12	503785309	G	T
12	503807577	A	G
12	503904865	C	T
12	503966185	T	G
12	504001401	T	A
12	504072734	C	T
12	504117390	C	T
12	504200698	C	T
12	504264643	C	T
12	504281954	G	A
12	504561820	C	G
12	504563083	G	A
12	505325566	C	T
12	505334260	G	T
12	505354911	C	T
12	505356678	C	T
12	505368882	G	A
12	505426217	A	G
12	505427201	C	T
12	505433621	G	A
12	505512747	G	A
12	505700838	T	A
12	506071835	A	G
12	506462642	G	T
12	506718837	G	A
12	506971950	A	G
12	507286476	G	C
12	507424829	T	A
12	507425203	A	T
12	507557774	G	A
12	507557922	G	A
12	507559438	G	A
12	507665247	C	G
12	508265049	A	G
12	508270523	A	G
12	508526334	G	A
12	508672320	C	T
12	508808099	C	T
12	508808167	G	A
12	508812207	T	C
12	509121800	C	T
12	509134766	G	A
12	509134769	G	A
12	509177996	A	C
12	509190158	G	T
12	509225176	C	T
12	509229106	G	A
12	509272475	T	C
12	509284139	A	T
12	509432045	G	A
12	509451872	T	C
12	509512692	C	T
12	509665911	G	A
